n_samples,sr_hz,duration_s,mean,std,rms,rms_dbfs,peak_abs,crest_factor,zcr_mean,zcr_std,spectral_flux_mean,spectral_flux_std,top1_freq_hz,top1_power,top2_freq_hz,top2_power,top3_freq_hz,top3_power,dom_freq_hz,spectral_centroid_hz,spectral_spread_hz,spectral_skewness,spectral_kurtosis,spectral_flatness,spectral_entropy,rolloff85_hz,rolloff95_hz,band_0_250_ratio,band_250_500_ratio,band_500_2000_ratio,band_2000_5000_ratio,band_5000_8000_ratio,freq_p25_hz,freq_p50_hz,freq_p75_hz,path,nombre_archivo,clase
3600797,16000.0,225.0498125,-2.807657619996462e-05,0.051568448543548584,0.05156845599412918,-25.752317431306505,0.502593994140625,9.746151682296691,0.1169462576508522,0.04808564856648445,0.4824713468551636,0.10371515154838562,29.277962628829115,663314944.0,29.895603667743558,247253024.0,29.273519168117502,74957992.0,29.277962628829115,1012.0920747405447,797.1041764367451,1.446857911515112,7.873073785710789,0.028796005216204883,0.8101500104661165,1493.4427017129817,2775.5277512172997,0.19841070586042464,0.10636175313395096,0.6237428082668369,0.06962922447924699,0.0018555082595403704,426.72330597920404,949.6119886791729,1428.5192972555797,data\raw\Training_data\1.wav,1.wav,1
92748,16000.0,5.79675,-0.02174808457493782,0.21633224189281464,0.21742266416549683,-13.253903739586878,1.0,4.599336521968218,0.16045737266540527,0.05923359841108322,0.5195248126983643,0.1291835755109787,1015.2240479579074,289832.78125,1029.5424160089703,254852.90625,1018.8467675852847,233570.359375,1015.2240479579074,1736.147816613515,926.4892561728053,1.572761717964776,10.152982830247497,0.05198547594230322,0.845149386970798,2650.6231940311377,3242.6790874196745,0.024956167639220768,0.009745138651868183,0.6141004675952765,0.3450782384286756,0.006119987684959047,1022.2969767542156,1645.40475266313,2231.4227800060376,data\raw\Training_data\100.wav,100.wav,4
476184,16000.0,29.7615,-0.020860202610492706,0.3463035523891449,0.34693124890327454,-9.195131609671149,1.0,2.88241547327091,0.18164020776748657,0.06896232068538666,0.5289636254310608,0.09477110207080841,1122.221662214606,8153690.0,1168.187087344388,6730223.0,1015.7754145456379,6263891.0,1122.221662214606,1633.3907966048332,901.340154819369,2.0494905446960816,11.594323162406436,0.050550746913360894,0.8542891982660717,2550.9130924180567,3252.389832501722,0.011598221603338291,0.005387638912103987,0.7186289862781037,0.25858399383328645,0.005801028914888133,1031.4332274918938,1292.911983602977,2058.800799690876,data\raw\Training_data\101.wav,101.wav,4
545105,16000.0,34.0690625,-0.021003594622015953,0.32089805603027344,0.3215847313404083,-9.854091589766785,1.0,3.1096003713604987,0.22612404823303223,0.08296366780996323,0.5300804376602173,0.09349223971366882,1231.1462929160436,7307872.0,1230.2070243347612,6562680.0,1230.3244329074214,5876194.0,1231.1462929160436,2054.366235490942,1102.4896422280628,1.3915971889850747,7.998792717787797,0.04248948972426739,0.8608551880794652,3173.3482540061086,3353.071426605883,0.010047090585914045,0.003563651527671977,0.5367806541813268,0.43900528329348343,0.01060332041160367,1173.55738802616,1788.6021959072104,3036.4498582841834,data\raw\Training_data\102.wav,102.wav,4
404939,16000.0,25.3086875,-0.019800858572125435,0.3680444061756134,0.36857664585113525,-8.66944372956121,1.0,2.7131398889659732,0.25274336338043213,0.08482249081134796,0.5332444310188293,0.09737568348646164,2007.452974398613,4493483.5,2006.1885864290668,3361365.5,3082.4988455051252,3178163.25,2007.452974398613,2247.710911472545,1025.7196282748728,1.4647495115928597,9.890510026007766,0.05801433302057666,0.868790995760663,3160.4562662524477,3354.9744529422946,0.008487321997906624,0.004188071246260231,0.4327958699584119,0.5427575720087933,0.011771164788627938,1533.7026070593347,2080.5108917639445,3008.8877584031175,data\raw\Training_data\103.wav,103.wav,4
364399,16000.0,22.7749375,-0.021038386970758438,0.3426952362060547,0.3433403968811035,-9.285501903497755,1.0,2.9125614378150013,0.21927344799041748,0.07357706874608994,0.5279181599617004,0.0893671065568924,1229.245963902206,3615171.5,1631.0472860792702,3539462.0,1143.5816234402398,3499566.75,1229.245963902206,1770.4301088498676,944.9536820482132,1.9151505631354968,10.884532678540532,0.041357318867911316,0.8505970504671923,2997.6372053710356,3258.362399457737,0.009476897711595201,0.00399860291963041,0.6880125444834558,0.29182838300606806,0.0066835718792505276,1131.463039141161,1476.008441296491,2228.941352747949,data\raw\Training_data\104.wav,104.wav,4
360933,16000.0,22.5583125,-0.01947236992418766,0.44355013966560364,0.44397738575935364,-7.05278300716914,1.0,2.2523669720016413,0.1799263060092926,0.05166618898510933,0.5294331908226013,0.09677603095769882,1035.2281448357453,21283686.0,1031.327143818936,12331012.0,1028.179745271283,12184987.0,1035.2281448357453,1449.1949822557929,696.8790132193373,2.489376975198184,16.99372049806618,0.034567048148070885,0.8159374049494156,2074.002654232226,2835.9390801062805,0.0076183550542967635,0.004725190090444998,0.7831135353663959,0.20116174048078508,0.003381179008077051,1024.8993580526026,1175.4425336558309,1927.5377978738438,data\raw\Training_data\105.wav,105.wav,4
447477,16000.0,27.9673125,-0.019025327637791634,0.4656710624694824,0.4660595655441284,-6.631171480193949,1.0,2.1456484834347123,0.1908160299062729,0.056341752409935,0.5259408950805664,0.10590943694114685,1272.1637089727515,8056723.5,1035.6018298147167,7837723.0,1272.5927813049607,7808222.0,1272.1637089727515,1551.4807712824972,733.6973008281385,2.308947598323323,15.93910983584747,0.04353505495676237,0.8429117386528068,2086.3284593398093,3073.123311365723,0.009010205837139603,0.006416599397058414,0.7698418147266597,0.21062215803277656,0.00410922200636589,1040.7506978012277,1308.5275891274857,1961.2538745008121,data\raw\Training_data\106.wav,106.wav,4
496032,16000.0,31.002,-0.02072170563042164,0.40335407853126526,0.40388602018356323,-7.874823578452677,1.0,2.4759460591022866,0.1669449657201767,0.045753899961709976,0.5198214054107666,0.09962762147188187,1031.449583897813,13732652.0,1035.6751177343397,13039561.0,1003.7416940842526,11358011.0,1031.449583897813,1398.9897214736568,584.7157204108772,2.464080898668423,20.2485085256988,0.026763348542410612,0.82350038042182,2006.2899167795624,2201.2128249790335,0.007218797880274127,0.003635150797521455,0.8343577686847712,0.15256825577643793,0.0022199738206841,1016.3215276433777,1227.6304754531966,1829.91419908393,data\raw\Training_data\107.wav,107.wav,4
112371,16000.0,7.0231875,-0.0076224906370043755,0.44624289870262146,0.4463080167770386,-7.007306242093245,1.0,2.2406050584109685,0.19069458544254303,0.04950236529111862,0.545076847076416,0.09099502861499786,1290.8668606668978,1954405.25,1276.3435405932132,1928709.5,1285.8833684847511,1913142.125,1290.8668606668978,1455.6256502462084,772.724624032308,3.121898847764395,17.153052700568605,0.044994715200951205,0.830422859340146,1768.1430262256274,2735.510051525749,0.0046896615236694155,0.015251380547439033,0.8548430600496663,0.11175041616213695,0.013465481717088465,1066.1825559975437,1290.4397041941425,1575.9226134856856,data\raw\Training_data\125.wav,125.wav,5
58887,16000.0,3.6804375,-0.006816020701080561,0.5635421276092529,0.5635833144187927,-4.980837463954644,0.9453125,1.677325207853028,0.16738566756248474,0.030604476109147072,0.5077080130577087,0.14760179817676544,1221.593900181704,3636746.75,1245.7758079032724,3100551.25,1240.8850849932924,2707920.0,1221.593900181704,1412.4211729167919,735.3969134267411,3.3681929231264265,17.81783234999715,0.05747867786899231,0.7731019683268014,1565.031331193642,2918.4030431164774,0.0020551372710186197,0.010421399756126989,0.8881073771074075,0.09228960903154868,0.007126476833898172,1144.4291609353509,1241.1567918216244,1346.3073343861972,data\raw\Training_data\126.wav,126.wav,5
96008,16000.0,6.0005,-0.020707909017801285,0.5457859039306641,0.5461786389350891,-5.253305782718377,0.9296875,1.7021674480215057,0.16108834743499756,0.05255478620529175,0.4863545000553131,0.16756373643875122,1050.2458128489293,5356272.5,1038.413465544538,4869453.5,1037.0802433130573,4597870.5,1050.2458128489293,1288.4307968669682,765.646676786867,2.9885357707193627,14.55699365424208,0.04819679995698872,0.7531143022064302,1600.1999833347222,2912.5906174485463,0.007898159646626069,0.008953624479620684,0.8498595112351967,0.12779621187715223,0.0054922805363795835,975.5853678860096,1049.0792433963836,1126.7394383801352,data\raw\Training_data\127.wav,127.wav,5
92005,16000.0,5.7503125,-0.007910320535302162,0.726959228515625,0.7270022630691528,-2.769284744664759,1.0,1.3755115366193564,0.17259114980697632,0.045998480170965195,0.5457280278205872,0.10976492613554001,1338.1881419488072,5142909.0,1337.666431172219,4526403.5,1331.2319982609642,4014530.25,1338.1881419488072,1475.2690001996934,818.4417102185541,2.720639914629805,14.31993473134878,0.05010042030618314,0.833038802801772,2078.8435411118962,2764.371501548829,0.010698430299787499,0.02241497422581745,0.7988859067708445,0.15659353040231183,0.011407158301238793,1093.1579805445358,1338.1881419488072,1575.5665452964515,data\raw\Training_data\128.wav,128.wav,5
98762,16000.0,6.172625,-0.0034245047718286514,0.6481439471244812,0.6481530070304871,-3.7664491953936077,1.0,1.5428455768206644,0.17787151038646698,0.04313594102859497,0.5222809314727783,0.1410062462091446,1464.368886818817,4890171.0,1467.9330106721209,4814403.5,1398.4325955326947,3985772.5,1464.368886818817,1682.9708764842694,1129.699248023085,2.485173317445901,10.516566433455688,0.14816758509523892,0.8367455414008776,2323.646746724449,4177.639172961261,0.023678829525271162,0.01804145782254981,0.7476402534163862,0.18433723968797877,0.02630221712816252,1159.3122861019422,1384.6621170085662,1604.9897733946254,data\raw\Training_data\129.wav,129.wav,5
80164,16000.0,5.01025,-0.012546155601739883,0.6343089938163757,0.6344330310821533,-3.952284280414671,0.9765625,1.5392680584966958,0.13375119864940643,0.0399898961186409,0.5070213675498962,0.12289942800998688,706.5515692829699,10725350.0,706.7511601217503,8524271.0,706.3519784441894,7145162.0,706.5515692829699,1225.287145899446,935.7471054198378,2.84099822855154,13.437046276348653,0.08714791458553768,0.784607054356689,2078.9381767376876,3049.5484257272587,0.008121046755016655,0.028706716417697304,0.804968341232355,0.1456918078203691,0.012512087774561986,722.3192455466294,837.4831595229779,1202.1356219749512,data\raw\Training_data\130.wav,130.wav,5
115119,16000.0,7.1949375,-0.015039939433336258,0.6011521816253662,0.6013402938842773,-4.417593889985302,0.984375,1.6369683023260608,0.16228856146335602,0.037915393710136414,0.5330890417098999,0.12711027264595032,1129.1272509316445,5626582.5,1138.8563139012674,5095156.0,1014.8802543455033,4961297.0,1129.1272509316445,1441.1758773092681,884.3640350894564,3.0718827284294394,15.065372102481458,0.09210896605873876,0.8149980213568147,2018.91955281057,3368.618559924947,0.004190689838776396,0.013106424511016783,0.831708178258036,0.13826987825412476,0.012724829138046073,1048.9319747391828,1188.057575204788,1357.2042842623719,data\raw\Training_data\131.wav,131.wav,5
117980,16000.0,7.37375,-0.0035138370003551245,0.6276164650917053,0.6276262998580933,-4.045977323246573,1.0,1.5933048061021355,0.1706136018037796,0.04920896142721176,0.5276964902877808,0.13080933690071106,1.0849296490930667,11550062.0,1.2205458552297,5963883.5,7.3232751313782,5943968.0,1.0849296490930667,1631.3139922405874,1175.5754308941205,2.1752178499503674,9.476373629160639,0.15350933016868093,0.8483754192804566,2347.3809120189862,4189.32022376674,0.06973693109221801,0.016613619509442918,0.7051193595570555,0.1811650437155949,0.02736504133262296,1136.0569588065775,1329.988133581963,1746.872351245974,data\raw\Training_data\132.wav,132.wav,5
120646,16000.0,7.540375,-0.007876348681747913,0.3537963330745697,0.3538840413093567,-9.022780435724234,0.8671875,2.4504849011880876,0.23376592993736267,0.11770862340927124,0.4988642632961273,0.1340174823999405,817.9964524310794,2264147.25,813.7526316661971,2209411.5,811.2328630870481,2143758.0,817.9964524310794,1041.4434803484376,528.9559470780059,3.972404269527732,26.402463932882217,0.02199833199045189,0.7617696767421972,1114.6660477761386,1909.7193441970726,0.004163419832882179,0.024496137521890646,0.9229592240865047,0.04686858222880565,0.0015125786873748232,821.577176201449,957.5120600765878,1029.2591548828807,data\raw\Training_data\133.wav,133.wav,5
174866,16000.0,10.929125,-0.009768953546881676,0.527147650718689,0.5272381901741028,-5.559862788418609,0.875,1.659591464174969,0.17462997138500214,0.09464569389820099,0.41898438334465027,0.15957382321357727,906.6599567668958,14074511.0,911.8753788615282,12884484.0,907.2089485663307,12712114.0,906.6599567668958,1099.2504456097743,576.0790133843651,3.9032229305351613,23.115729864054373,0.0242502188619625,0.7562366004202277,1277.0464241190398,2519.4148662404355,0.0017065996241797299,0.016233363427052106,0.9204920444080794,0.0591830857509004,0.0023849034683464496,876.7399036976885,926.1491656468381,1103.9310100305377,data\raw\Training_data\134.wav,134.wav,5
214035,16000.0,13.3771875,-0.0009304480045102537,0.26448601484298706,0.264487624168396,-11.551892890808018,0.59375,2.2449065504175225,0.11956913024187088,0.020948078483343124,0.50355464220047,0.17998749017715454,783.722288410774,3061454.25,1085.2804447870676,2671455.25,1056.3505968649988,2647016.75,783.722288410774,1028.91785039534,529.7505399965117,5.394044626849968,45.263621686924616,0.013521648058587238,0.7802993267531009,1153.2319480458805,1708.7298806270005,0.0013161061637850357,0.020046048374995885,0.9357446964716152,0.03855439126926341,0.0043387577203405185,794.038358212442,945.1164529165792,1085.6542154320557,data\raw\Training_data\135.wav,135.wav,5
171175,16000.0,10.6984375,-0.0008815904729999602,0.2199530303478241,0.21995480358600616,-13.153330980801627,0.609375,2.7704555211576625,0.15012013912200928,0.036371659487485886,0.4632054567337036,0.18074168264865875,1402.3543157587264,825181.875,1389.3617642763254,820771.75,1502.6493354753907,820669.375,1402.3543157587264,1274.916533682126,622.0722411418992,4.0927560690079785,32.649020253411685,0.017097916664108457,0.7979124853972015,1544.8050240981452,2006.5546954870745,0.0021185325960065477,0.029177274866520775,0.9182883407493606,0.04284288484050241,0.0075729669476096205,1005.1935154082079,1293.7403242295895,1499.3778297064407,data\raw\Training_data\136.wav,136.wav,5
274913,16000.0,17.1820625,-0.0008908215677365661,0.24503743648529053,0.24503904581069946,-12.21529414707528,0.609375,2.486848567271853,0.13585245609283447,0.03796053305268288,0.4679194986820221,0.18065474927425385,1292.1033199594053,2682022.75,1297.4577411762994,2251144.25,1278.6590666865518,2202468.75,1292.1033199594053,1266.4867748104164,511.68291969140967,6.116139481777139,61.95202766594682,0.014100201685905644,0.7906356415563648,1439.582704346466,1690.0182966975008,0.0060559024258092994,0.021924084134757996,0.9497152946181358,0.01686479570653404,0.005439923114762975,1127.3966673092941,1250.6065555284763,1344.77452866907,data\raw\Training_data\137.wav,137.wav,5
145425,16000.0,9.0890625,-0.0009274003095924854,0.2555936276912689,0.25559529662132263,-11.848942843621721,0.59375,2.323008317636105,0.1461758017539978,0.05658162385225296,0.4432956576347351,0.1658848375082016,782.5889633831871,1391775.5,931.5592229671652,1285306.875,852.4531545470173,1185705.375,782.5889633831871,1182.8911256587735,753.7117508394538,3.112578594295681,17.261074274855208,0.016581180864987204,0.7881189866969166,2008.5679903730443,2451.407942238267,0.0015204802595527194,0.03483188169490814,0.8120814617446895,0.1405964469737542,0.010969729327095577,817.9061371841154,917.4763623861096,1055.00429774798,data\raw\Training_data\138.wav,138.wav,5
83503,16000.0,5.2189375,-0.0008997618569992483,0.23282189667224884,0.23282364010810852,-12.659458500437882,0.578125,2.483102659728005,0.1418450027704239,0.025994623079895973,0.5208631753921509,0.17626558244228363,1219.5969007101542,952023.0,1212.6989449480857,697792.125,1204.0765002455,697791.125,1219.5969007101542,1227.2044674878136,491.5257079559645,6.716762266717947,68.34313405447783,0.014021214182714445,0.7545972967669414,1342.0356154868687,1637.8812737266924,0.0012678062902117574,0.014695298484576298,0.9593809966057539,0.019803880518886253,0.004852018100571717,1095.2420871106426,1205.417769421458,1284.5526508029652,data\raw\Training_data\139.wav,139.wav,5
217663,16000.0,13.6039375,-0.004124226048588753,0.004745871294289827,0.0062874904833734035,-44.030453185508534,0.033111572265625,5.266262009172819,0.08802750706672668,0.10336346924304962,0.370624840259552,0.14651603996753693,59.98263370439624,2575.36572265625,814.3965671703504,682.41748046875,117.98054791122054,489.45855712890625,59.98263370439624,695.0797282929598,1145.753107552675,2.1066020297203005,8.429721761147261,0.03846418506423682,0.39890092071566885,1689.8048818586528,3162.6872734456474,0.6084665175896696,0.022058774539426725,0.22719339497219143,0.1372817738778117,0.004999539020900653,0.0,0.0,1029.2608298148973,data\raw\Training_data\14.wav,14.wav,2
146953,16000.0,9.1845625,-0.0008673585252836347,0.2238515466451645,0.2238532304763794,-13.000732676676874,0.578125,2.5826073573729493,0.12815061211585999,0.02928396686911583,0.5186650156974792,0.14118708670139313,841.9562717331391,910413.6875,845.1137438500745,665366.1875,704.4429171231618,647907.625,841.9562717331391,1027.7223135656927,551.4523299481126,4.718995555746348,39.87472822929797,0.016312280870774652,0.8014781343467334,1283.022462964349,1837.6487720563716,0.0028935901347135976,0.035971224307471836,0.9170385288644449,0.039258089289553655,0.004838567403816001,737.8685702231326,923.0706416337196,1186.3384891768114,data\raw\Training_data\140.wav,140.wav,5
286575,16000.0,17.9109375,-8.330279524670914e-05,0.18809457123279572,0.1880946010351181,-14.51247340045515,0.297271728515625,1.5804373271730592,0.1399698257446289,0.048334185034036636,0.5020145177841187,0.15166287124156952,1309.5350257349735,741915.375,944.0600191921836,657037.9375,943.6133647387247,645930.8125,1309.5350257349735,1241.6500222324473,738.9881962135483,3.0857902876879004,18.751349063889787,0.06695671729979515,0.8499577220704653,1799.514961179447,2398.7577423013176,0.0055779597008374935,0.04794572815964442,0.8635091027396828,0.07617481932626287,0.006792390073572378,808.835383407485,1073.7573061153278,1458.8851086103116,data\raw\Training_data\141.wav,141.wav,5
214923,16000.0,13.4326875,-0.00010407041554572061,0.19272692501544952,0.1927269548177719,-14.301150812240548,0.299774169921875,1.5554345794822466,0.1506544053554535,0.04893794283270836,0.4933602511882782,0.13075129687786102,888.4298097458159,992872.5,907.1155716233255,988019.125,905.6266662944403,977494.75,888.4298097458159,1269.0782842338126,762.9569813959923,2.8637905577855123,16.92534982743461,0.06788501862814465,0.83604834094178,1764.2039241961074,2580.198489691657,0.012729554874439036,0.04207918868280003,0.8335264967051694,0.10588049659355644,0.005784263144035077,840.1892770899345,1069.4806977382598,1457.1916453799731,data\raw\Training_data\142.wav,142.wav,5
202106,16000.0,12.631625,-4.671647911891341e-05,0.139836385846138,0.1398364007472992,-17.08759525765219,0.2996826171875,2.1430944702950536,0.13430087268352509,0.03541751205921173,0.5361109972000122,0.12099171429872513,910.4925138293768,790696.0,869.0093317368114,519985.59375,910.6508465854553,495076.125,910.4925138293768,1245.0160837148333,706.2121136120529,3.3150677229017123,20.82101229405443,0.05286406707881563,0.8165072931729533,1761.5310777512793,2234.629352913818,0.004429393002077144,0.018204012518517113,0.9181554706990371,0.05291890367438562,0.006292202228229507,831.7219676803262,961.6339940427301,1533.2944098641308,data\raw\Training_data\143.wav,143.wav,5
156409,16000.0,9.7755625,7.054267189232633e-05,0.1755397468805313,0.1755397617816925,-15.11248990686971,0.299713134765625,1.707380320695427,0.1585700809955597,0.036021750420331955,0.48799991607666016,0.14502876996994019,1257.932727656337,426015.96875,1398.6918911315847,422185.15625,1265.7072163366558,409214.90625,1257.932727656337,1385.0002555282897,744.1061761850599,3.3038574929822953,20.026733809279982,0.06613353424342254,0.8304063259568416,1736.8821487254572,2348.816244589506,0.004434590545451122,0.02053848044415783,0.9088025785412653,0.05873794901053399,0.007486401458591456,968.4353202181461,1304.5796597382505,1612.2857380329779,data\raw\Training_data\144.wav,144.wav,5
177214,16000.0,11.075875,-7.2402917794534005e-06,0.22268924117088318,0.22268924117088318,-13.046015292277213,0.298492431640625,1.3403989796326683,0.12252829968929291,0.02367950603365898,0.4519071578979492,0.15605220198631287,815.01461509813,1490447.0,818.5357815973907,1448090.75,749.2861737785954,1022694.375,815.01461509813,1084.5550052555845,697.9655561418606,3.819058941068848,23.551243952457845,0.048978583293827926,0.7950287104652939,1188.709695622242,2615.0529867843397,0.004495878335460391,0.03699163726073447,0.8708295613965384,0.08297830433183641,0.004704540836417114,788.9218684754027,914.9615718848398,1067.996885121943,data\raw\Training_data\145.wav,145.wav,5
236657,16000.0,14.7910625,0.0002113956434186548,0.18117235600948334,0.1811724603176117,-14.838156358469131,0.2952880859375,1.6298729145689874,0.19979196786880493,0.06869270652532578,0.535672664642334,0.12865324318408966,1093.4981851371392,1330384.375,1093.5657935324118,935228.75,1093.9714439040467,862497.375,1093.4981851371392,1640.0754495110791,824.0796497440964,1.8747477740162521,11.611886017049118,0.06849797098864431,0.8414388851400684,2370.417946648525,2645.516507012258,0.0031985038033715747,0.008970487194856585,0.6132264431092224,0.36779112958966115,0.006813436302888328,1036.2338743413463,1368.79957068669,2275.9014100575937,data\raw\Training_data\146.wav,146.wav,5
422045,16000.0,26.3778125,7.377597285085358e-06,0.17144794762134552,0.17144794762134552,-15.31735418789056,0.28900146484375,1.6856513528060975,0.13072514533996582,0.06888675689697266,0.46039801836013794,0.15578803420066833,1046.2581004395265,1987533.5,1021.3508038242367,1977301.5,1039.9270220000235,1654514.125,1046.2581004395265,1325.655078119336,763.8930721460226,2.920296966118164,17.056391568225138,0.06690998813968807,0.8409207704343924,1896.7456076958615,2685.514577829378,0.0054068462985869,0.03689771474339471,0.8298653856081459,0.12163496124347803,0.0061950921063945045,937.7957326825338,1066.578208484877,1585.688729874776,data\raw\Training_data\147.wav,147.wav,5
197276,16000.0,12.32975,-0.0344233438372612,0.08179809153079987,0.08874623477458954,-21.037001272794143,0.36468505859375,4.109301758210132,0.08173561096191406,0.07547078281641006,0.3490007221698761,0.1885880082845688,760.1127354569232,410212.375,763.1947119771285,396310.84375,761.0048865548773,341243.53125,760.1127354569232,854.7932632935592,897.9828256460119,2.170980680193303,11.217124587142504,0.024931200493196765,0.6322113077021158,1419.9801293619091,2934.447170461688,0.26879484599360803,0.03841936632398826,0.5726181160152598,0.11766521541301421,0.0025024562541295066,0.0,751.1912244773819,871.6316227011902,data\raw\Training_data\148.wav,148.wav,5
96968,16000.0,6.0605,-0.009701251052320004,0.6000930070877075,0.6001714468002319,-4.43449340021841,1.0,1.6661905615993953,0.20079171657562256,0.0469072163105011,0.5795460939407349,0.11899418383836746,1399.5544922036136,2315408.25,1384.8692352116161,2272077.25,1383.549212111212,2120939.5,1399.5544922036136,1865.3282147604061,986.8891311693558,2.813443064261911,12.854915379438326,0.12996364742272556,0.8471323407551111,2255.2594670406734,3987.4597805461594,0.0020437592324520017,0.007089127949876626,0.7714862136693634,0.18846774766484947,0.03091203078150067,1359.4587905288342,1690.6195858427523,1933.5038363171357,data\raw\Training_data\149.wav,149.wav,5
467277,16000.0,29.2048125,-0.0006839666166342795,0.030086226761341095,0.030093995854258537,-30.430402863849814,0.2509765625,8.33975533576359,0.1482664793729782,0.12529797852039337,0.4517233371734619,0.16721020638942719,0.03424093203817008,2549434.75,0.06848186407634016,2399125.0,0.10272279611451024,2258130.5,0.03424093203817008,101.96492695808273,529.6631570080592,7.063030287123114,61.869813009238015,0.008993450774964433,0.48126067507409837,18.353139572459163,157.33708271539152,0.9534126599608181,0.004842212285296169,0.02180373086835558,0.018832278156322452,0.0011091187292076668,0.41089118445804096,1.266914485412293,8.6971967376952,data\raw\Training_data\15.wav,15.wav,2
48225,16000.0,3.0140625,-0.003486910369247198,0.6296045184135437,0.6296142339706421,-4.018509244967503,0.9609375,1.52623217226186,0.13279855251312256,0.016538500785827637,0.5288827419281006,0.16876552999019623,1098.8491446345256,3404885.5,1085.246241575946,2581203.0,1104.4893727319854,2451479.75,1098.8491446345256,1299.5160181488063,890.4359407799033,3.3383877737636545,16.360091752710964,0.07248212401701401,0.7692637978184931,1353.9865215137377,3252.0891653706585,0.004051904250846623,0.03495347974770962,0.8505451945644347,0.0959557776867276,0.014493643750281551,940.2592016588906,1075.2928978745465,1190.0881285640228,data\raw\Training_data\150.wav,150.wav,5
57320,16000.0,3.5825,0.025655176490545273,0.612241804599762,0.6127790808677673,-4.253921382481851,0.9921875,1.6191602014137716,0.12044156342744827,0.04284127429127693,0.47492745518684387,0.14995191991329193,923.9357990230286,5454537.0,925.3314724354501,4110022.75,0.2791346824842987,4060638.5,923.9357990230286,1190.251883794471,978.1136506308844,2.8418579435081264,13.540762916603423,0.08691195603624255,0.7787213325674601,1508.44382414515,3205.8618283321703,0.041351593482325255,0.10465386316434797,0.7327747039383385,0.10817545194937146,0.01304399671586538,837.1249127704117,921.9818562456385,1286.810886252617,data\raw\Training_data\151.wav,151.wav,5
101774,16000.0,6.360875,-0.00727216387167573,0.6467190980911255,0.6467599868774414,-3.785137128926408,0.9609375,1.4857714136574964,0.15961037576198578,0.055235233157873154,0.4761787950992584,0.16381026804447174,1083.0270992591427,6363130.0,1046.2397075873994,5671573.5,1083.184310334663,5597875.5,1083.0270992591427,1500.5566195961628,936.9574746896095,2.661713139639373,12.7396833424033,0.09208986361027739,0.8171256592982525,2221.8641303279815,3222.6698370900226,0.002613016635469042,0.012637605290233557,0.7790741683541806,0.18986308685444114,0.015812122865675553,978.7961561892034,1085.6996875429872,1944.2293709591838,data\raw\Training_data\152.wav,152.wav,5
61671,16000.0,3.8544375,-0.010676994919776917,0.5896249413490295,0.5897216200828552,-4.587059000809345,1.0,1.6957153442322517,0.1953185796737671,0.054416920989751816,0.5870832800865173,0.13449229300022125,1238.5724246404307,1646234.75,1382.3028652040668,1617015.25,1236.2374535843428,1493083.875,1238.5724246404307,1651.922872026409,917.1248272403551,2.8649127382317623,13.954032454601984,0.10842169095195475,0.8344399379408446,2205.769324317751,3576.656775469832,0.004521465438055381,0.0057416179484224145,0.7731840493253852,0.1989321146690015,0.017620752619135753,1184.8680903504078,1405.9120169934006,1777.4318561398388,data\raw\Training_data\153.wav,153.wav,5
134545,16000.0,8.4090625,0.03344001993536949,0.5217286944389343,0.5227993130683899,-5.633299834637965,1.0,1.912779866007944,0.13140420615673065,0.06282052397727966,0.5251225829124451,0.13704149425029755,1.308112527407187,18705758.0,0.47567728269352255,18640704.0,0.11891932067338064,12963015.0,1.308112527407187,1372.827903677407,1387.1409506615423,2.0921556776520074,7.634596752931553,0.17166642798192291,0.8300752315562919,2587.9222564941097,4520.836894719238,0.10498070247777781,0.07140482480321575,0.6202797959031141,0.1668570822870071,0.03647759452888537,521.4612211527741,962.4140622096695,1450.1021962912034,data\raw\Training_data\154.wav,154.wav,5
136417,16000.0,8.5260625,-0.0008700917824171484,0.22679217159748077,0.22679385542869568,-12.887374320940701,0.59375,2.6180162547952093,0.21482613682746887,0.04608684033155441,0.47766026854515076,0.1805175542831421,1912.0197629327722,687789.8125,1858.7712675106475,594478.9375,1886.3338147005138,587766.25,1912.0197629327722,1895.5349085888415,740.1197579358511,3.8262549915022803,22.168469721602534,0.014269981233852673,0.8124071039108706,2099.4450838238636,2616.5653840796967,0.0004129840712652661,0.001489986469517017,0.7525999188658614,0.2215228811621688,0.02397422943118754,1625.3692721581622,1824.6406239691535,1992.8308055447635,data\raw\Training_data\155.wav,155.wav,5
75083,16000.0,4.6926875,-0.0009139885078184307,0.232915997505188,0.23291780054569244,-12.655946392178324,0.5625,2.4150150769161676,0.14775696396827698,0.017163706943392754,0.5147112607955933,0.15311165153980255,1191.641250349613,1406061.75,1190.362665317049,1069822.875,1186.5269102193572,1023589.125,1191.641250349613,1200.9364766125973,482.9601689861507,7.069165797909827,70.68845103593087,0.012618679509646727,0.7251882152787892,1266.6515722600323,1536.0068191201735,0.0014281049330310941,0.0063217777814286,0.9625727156761313,0.025031020738739314,0.0046463808706695055,1087.2234726902227,1165.0040621711971,1229.1464113048225,data\raw\Training_data\156.wav,156.wav,5
209855,16000.0,13.1159375,-0.0008567299228161573,0.19699738919734955,0.19699925184249878,-14.110708463701274,0.59375,3.013970837182184,0.1774168312549591,0.049090009182691574,0.5565782189369202,0.12187328934669495,1445.874532415239,615073.125,1234.2998737223318,538519.6875,1392.0468895189533,534141.0625,1445.874532415239,1457.3477651174883,737.5601313159348,3.329556265693384,20.253281715373365,0.023298162148936763,0.8349801296945598,1949.6128279049817,2567.0296156870218,0.0027846141025416483,0.014592318054386133,0.8352343958486348,0.1331964149905021,0.01419225700393547,1106.5926473040906,1329.7562602749515,1552.767387005313,data\raw\Training_data\157.wav,157.wav,5
175635,16000.0,10.9771875,-0.0008644525660201907,0.26115337014198303,0.26115480065345764,-11.662039727526283,0.578125,2.213725340500823,0.1850520521402359,0.0260736346244812,0.4569093883037567,0.17355352640151978,1567.8879494406012,1558116.25,1643.5904005465882,1549628.75,1664.72514020554,1497919.25,1567.8879494406012,1533.3706173519206,595.0333877744831,5.34589396240709,44.62703770372371,0.012820459154163329,0.7985262767940654,1739.6077091695847,1933.3731887152333,0.0010360680395322093,0.014023989357356702,0.9472761926028004,0.027165528902794243,0.010498221097516351,1338.1387536652717,1557.229481595354,1668.3690608363936,data\raw\Training_data\158.wav,158.wav,5
201046,16000.0,12.565375,0.00016013585263863206,0.20761534571647644,0.20761540532112122,-13.654808488752032,0.310577392578125,1.4959265286588501,0.164598748087883,0.04739540070295334,0.48503848910331726,0.15309646725654602,1455.0301920953414,1132541.625,1492.6733185440148,707397.5,1415.477055002338,692049.875,1455.0301920953414,1493.5686191670445,742.8677354083459,3.369819066840224,20.256705003304162,0.06960318320842133,0.8325588344480362,1842.6031853406685,2380.032430389065,0.005366903212567548,0.017592695037442607,0.8882785822467247,0.08020017892911999,0.008561639861679371,1057.9867294052108,1436.5667558668167,1637.1178735214828,data\raw\Training_data\159.wav,159.wav,5
247617,16000.0,15.4760625,-0.004094739910215139,0.005314430221915245,0.006708953529596329,-43.466904326172525,0.04248046875,6.331906840999689,0.07979197055101395,0.08088205009698868,0.4126909673213959,0.1391022652387619,59.89895685675862,3236.677490234375,117.98866798321602,1920.2431640625,860.5548084339929,733.774658203125,59.89895685675862,676.7789232105955,983.5438794799295,1.954817175183888,8.775777312277906,0.035003292903855336,0.4521706487554938,1727.635824680858,2678.2652241162764,0.5509306332499799,0.022213200604259745,0.30423921899567835,0.11974932165898917,0.002867625491092662,0.0,0.0,1041.0270700315407,data\raw\Training_data\16.wav,16.wav,2
206192,16000.0,12.887,0.00026520996470935643,0.18140874803066254,0.18140894174575806,-14.826826202725362,0.30029296875,1.6553371948492823,0.1421229988336563,0.04575306177139282,0.5352759957313538,0.13187724351882935,997.2840847365561,1331610.625,997.3616823155116,1063735.75,1009.8548925273531,1056580.25,997.2840847365561,1168.1199395490555,728.8454878101868,3.3020736389511054,19.705148623688032,0.05667659172494223,0.8103338122195408,1650.5781019632186,2569.954217428416,0.00694703263600329,0.04925018019485805,0.835610799034291,0.10308887541945294,0.005103112715394653,834.1739737720183,988.3603631566695,1111.1973306432837,data\raw\Training_data\160.wav,160.wav,5
639175,16000.0,39.9484375,7.582864054711536e-05,0.21398493647575378,0.21398493647575378,-13.392335956914858,0.2974853515625,1.3902163229896676,0.13007475435733795,0.04552194103598595,0.4996839165687561,0.1259734034538269,847.3923416904603,4285082.0,828.9936245942034,3696846.25,848.3435678804708,3467066.5,847.3923416904603,1119.4500755563247,730.9402309644175,3.233880802160927,19.301315948128572,0.05990548411333296,0.8450040267521578,1575.681151484335,2524.228888801971,0.008028545599255414,0.060591525227565675,0.8376999971666583,0.08870754390562813,0.0049723881008923825,744.7600422419524,884.8906793914028,1285.256776313216,data\raw\Training_data\161.wav,161.wav,5
529183,16000.0,33.0739375,-0.011404726654291153,0.037635136395692825,0.03932520002126694,-28.10658119460892,0.15625,3.973279218300238,0.06522585451602936,0.025566909462213516,0.4228215217590332,0.14888449013233185,488.8743591536387,254240.421875,467.10495235107703,236124.921875,504.0524733409803,234011.1875,488.8743591536387,486.10419053194084,399.7577297414568,7.815962187764117,113.28520353961935,0.00888595400345113,0.653201469183324,618.916329511719,891.2153262670947,0.1570047072797123,0.4130340361516715,0.42467235803515785,0.0032851884968871274,0.0020037100365712574,426.6501380429832,484.52047779312636,559.5946959747384,data\raw\Training_data\162.wav,162.wav,5
610999,16000.0,38.1874375,-0.005498596932739019,0.06484638899564743,0.06507909297943115,-23.731170170872304,0.391143798828125,6.010283501519445,0.13945460319519043,0.06176319718360901,0.4964468479156494,0.14348499476909637,563.1956844446554,947770.25,562.5148322665012,911068.1875,562.7243252443949,764730.375,563.1956844446554,803.4588161984096,756.4338070592693,3.378962056916776,16.572236059499158,0.019093293049393223,0.7746317986259608,939.0784600302128,2557.4640875025984,0.014831901946589928,0.332034610164167,0.5866509519141953,0.060908256815431015,0.005574279159616966,472.4590383944982,561.7816068438738,693.9193026502498,data\raw\Training_data\163.wav,163.wav,5
324999,16000.0,20.3124375,-0.005492814350873232,0.07309816777706146,0.07330425083637238,-22.697416806972303,0.415557861328125,5.6689462969306,0.12578019499778748,0.05384770780801773,0.5077786445617676,0.14830033481121063,612.1864990353816,528072.125,612.4818845596448,482656.96875,613.8603503395395,465094.3125,612.1864990353816,949.7301681407243,857.6940447333419,2.8132820177597284,12.051369482429845,0.02819944933313573,0.7956534096378731,1350.60107877255,2807.2455607555717,0.011810843766618681,0.17743121567120318,0.6958362565282821,0.10583061291532327,0.009091071118572677,537.897039683199,617.1588220271447,893.6396727374546,data\raw\Training_data\164.wav,164.wav,5
130999,16000.0,8.1874375,-0.005500545259565115,0.06449737399816513,0.06473150104284286,-23.777686442349445,0.374847412109375,5.790803643828379,0.16212809085845947,0.07793471962213516,0.48955172300338745,0.1521240621805191,839.090374735685,58052.5234375,839.2125130726189,57455.83203125,1014.9695799204575,52139.671875,839.090374735685,1564.8323662637451,1175.6987928076635,1.3296362982170224,4.527318331195545,0.036765183753852806,0.8378401207727267,2833.7315552027117,3337.0636417071887,0.015692990879680704,0.050513415408743816,0.6189529489878711,0.28533455860797746,0.029506086115726828,762.265360804281,991.7632959030223,2580.2945060649317,data\raw\Training_data\165.wav,165.wav,5
524999,16000.0,32.8124375,-0.005496332887560129,0.054086726158857346,0.05436527356505394,-25.293568445296426,0.234466552734375,4.312800016610058,0.10818292200565338,0.02826034091413021,0.4040064811706543,0.153618723154068,873.5102352575909,302863.3125,845.8682778443386,284504.46875,769.4033702921339,282786.21875,873.5102352575909,802.8062561431055,454.9410898978598,5.575454513435566,55.927615825976524,0.010182259873357942,0.772276509236881,925.8684302255813,1145.6326583479206,0.02080113623471477,0.13959548853575995,0.8127830448249599,0.0243537358520953,0.0024665945524702474,633.0221581374441,795.6738965217077,887.2854995914278,data\raw\Training_data\166.wav,166.wav,5
340999,16000.0,21.3124375,-0.005472084041684866,0.03384464234113693,0.034284159541130066,-29.298129851563445,0.183868408203125,5.363071770289177,0.14303137362003326,0.08879812806844711,0.4341651201248169,0.1474107950925827,506.9809588884425,45329.33203125,516.3651506309403,44413.99609375,466.3004876847146,44232.9296875,506.9809588884425,1308.573197405916,1144.6927824655356,1.4968808337866792,5.321599189206385,0.029279670879081014,0.8091345901220499,2656.007788879146,2962.120123519424,0.05217155420222943,0.17666421165454405,0.4835742604569909,0.2627831336013967,0.024806840084838692,509.4208487414919,875.0289590292053,2183.701418479233,data\raw\Training_data\167.wav,167.wav,5
299999,16000.0,18.7499375,-0.005465600173920393,0.07041089981794357,0.07062271237373352,-23.021112134120514,0.341583251953125,4.836733686260526,0.23217815160751343,0.06870469450950623,0.5442991256713867,0.16797563433647156,2308.3810279367594,173168.5,2204.274014246714,157309.640625,2255.3141843806143,141344.984375,2308.3810279367594,2279.833996136004,974.7923829615423,1.4536303084283295,7.949283397749794,0.028815206306695724,0.837204639897391,2753.822512741709,4739.855799519331,0.013203648646751403,0.01845130380140554,0.19000096042409811,0.7306964144641434,0.047647672663601315,2039.740132467108,2201.4473381577936,2428.168093893646,data\raw\Training_data\168.wav,168.wav,5
330999,16000.0,20.6874375,-0.005472202785313129,0.06211584433913231,0.06235641986131668,-24.102376548018146,0.245819091796875,3.942161726789111,0.11625701934099197,0.03837692365050316,0.3620162904262543,0.16749931871891022,475.60264532521245,354746.75,475.8926764129197,337635.375,895.3743062667863,317158.96875,475.60264532521245,784.8616605790638,517.0654073466089,4.864028883996549,39.97642124093745,0.010704860827328433,0.7606835986070488,951.4469832235143,1266.6624370466375,0.016122037035076326,0.3034878050803375,0.6448110528185474,0.03256909226218741,0.0030100128038514067,481.40326707935674,756.3043997111773,899.14471040698,data\raw\Training_data\169.wav,169.wav,5
212671,16000.0,13.2919375,-0.004128413274884224,0.004586380906403065,0.00617079297080636,-44.193180477139705,0.042449951171875,6.879172802053657,0.040087033063173294,0.06706051528453827,0.3571178913116455,0.1198936402797699,1031.0009357176107,1445.429931640625,59.88592708925994,1421.4423828125,1031.4523371780826,1338.2498779296875,1031.0009357176107,574.9857935359507,959.2836141682144,2.3492255143659677,10.839863903003796,0.024930486676593287,0.36151724585514805,1065.006512406487,2640.096675146118,0.6309635632570044,0.005077478158750733,0.2665219882428793,0.09461582726871712,0.002821143072648323,0.0,0.0,991.2776071960916,data\raw\Training_data\17.wav,17.wav,2
348461,16000.0,21.7788125,-0.005484224762767553,0.0732741430401802,0.07347908616065979,-22.67672507069168,0.34185791015625,4.65245184743844,0.24226582050323486,0.08307252824306488,0.5400751233100891,0.16783024370670319,2703.866429815675,132820.0,2779.306722990521,132700.78125,2335.6645363469656,123577.5,2703.866429815675,2197.8170503556,974.3027562222503,0.9836912775030898,10.03768063378011,0.05365818847351929,0.8511296621275003,2895.0614272472385,3132.9531855788737,0.011716236767416503,0.028968167122783692,0.27450908116579864,0.6745813433726873,0.010225171571313812,1780.9510963924224,2357.2910598316594,2765.761448196498,data\raw\Training_data\170.wav,170.wav,5
318999,16000.0,19.9374375,-0.005485416390001774,0.04426503926515579,0.0446036271750927,-27.01259645890711,0.20953369140625,4.69768278224818,0.13134492933750153,0.06803122162818909,0.42033401131629944,0.15186023712158203,420.6658955043746,291390.90625,424.3273489885548,222649.875,422.7724851802043,222519.609375,420.6658955043746,904.2361387372863,821.7813410064032,2.754714927383165,13.143071711212396,0.01973455103713169,0.7674590364813015,1674.1870664171358,2590.352947814883,0.0312115491406247,0.40315059079326526,0.4423070642443765,0.11439061353134215,0.008940182290391587,434.7098266765726,657.8077047263471,892.2911984050106,data\raw\Training_data\171.wav,171.wav,5
317999,16000.0,19.8749375,-0.00553539302200079,0.03968357294797897,0.040067773312330246,-27.944095839161335,0.199737548828125,4.9849924843879165,0.1018478125333786,0.04264058545231819,0.40929535031318665,0.1465810388326645,412.52959914968284,335386.0625,412.6805430205755,307827.5625,413.9384086113478,277971.375,412.52959914968284,726.8135693070136,696.2469965787693,3.3070022254796694,19.04329303053989,0.010312171250492578,0.722442017492548,859.9272324755738,2139.729999150941,0.04097483663685053,0.5899990614683637,0.2714278200148937,0.09259983843617828,0.004998443443713681,415.3975326966437,443.9259242953594,754.6690398397478,data\raw\Training_data\172.wav,172.wav,5
792999,16000.0,49.5624375,-0.005562188103795052,0.038037870079278946,0.03844239190220833,-28.303791963455545,0.1717529296875,4.467800289961501,0.14565175771713257,0.0589822381734848,0.3873889148235321,0.14197029173374176,898.4223183131379,617586.625,873.6656666654056,433095.9375,890.2104542376472,362331.3125,898.4223183131379,1061.2850516458006,801.5191277639226,2.781761701140288,14.087022694805906,0.019081171071456567,0.7720921861731244,1473.1317441762224,2612.9869016228267,0.04377452009962075,0.11261899895081721,0.7162336550403158,0.11708298249324949,0.010289843415996704,791.8496744636501,873.2621352612047,924.0869156203224,data\raw\Training_data\173.wav,173.wav,5
278999,16000.0,17.4374375,-0.005521258804947138,0.034580349922180176,0.035018354654312134,-29.114085264046196,0.160858154296875,4.593538328251155,0.19462117552757263,0.07277749478816986,0.40328341722488403,0.13883306086063385,120.2011476743644,66646.453125,874.9565410628711,65156.50390625,874.7844974354746,61063.97265625,120.2011476743644,1577.4962086059074,1103.5263720288294,1.3609850857247507,5.683360743083459,0.03138290824652306,0.8070453714575778,2598.7763397001418,2965.802744812705,0.0518399141920612,0.04264295747207182,0.542750020548044,0.334006731734867,0.028760376052955856,848.2897788164114,985.5232456030307,2425.299015408657,data\raw\Training_data\174.wav,174.wav,5
449999,16000.0,28.1249375,-0.005481400992721319,0.03810169920325279,0.038493961095809937,-28.29214793890865,0.197723388671875,5.1364781135344675,0.1538802683353424,0.06973269581794739,0.4663439989089966,0.16558100283145905,120.32026737837195,163894.609375,870.8641574759055,129882.0625,120.35582301294002,129172.515625,120.32026737837195,1337.8924451283067,1030.7943503166637,1.885853957123204,6.968412532383747,0.04222254916106444,0.8211967440841299,2435.169855933013,3430.0876224169388,0.043448742616690926,0.04690573592054603,0.6930527030134678,0.20350373075734662,0.013089087691948508,844.9440998757775,936.6065257922795,1422.9720510490024,data\raw\Training_data\175.wav,175.wav,5
368999,16000.0,23.0624375,-0.0054658688604831696,0.0357048362493515,0.036120783537626266,-28.844856749464846,0.16876220703125,4.6721635164822475,0.1508154273033142,0.06814862042665482,0.443050742149353,0.1460961103439331,870.1161791766373,136783.15625,120.15208713302745,135497.953125,869.9427369721868,89132.359375,870.1161791766373,1246.312660294083,992.6879046155645,2.0873134373954843,7.851447413705168,0.04139325400841544,0.8013821891487456,2195.12790007561,3478.9037368664954,0.048378376023357816,0.03449124257551041,0.7270315569173691,0.18003438696033572,0.010064437523426922,780.0996750668701,879.6555004214102,1327.7434356190665,data\raw\Training_data\176.wav,176.wav,5
469999,16000.0,29.3749375,-0.005494287703186274,0.08242804557085037,0.08261095732450485,-21.65924690105891,0.378875732421875,4.586264881710664,0.09006930142641068,0.02460363693535328,0.3472882807254791,0.18075132369995117,484.4265626097077,820984.375,482.1116640673704,773382.0625,848.784784648478,734020.25,484.4265626097077,677.1234683374266,322.90638746678775,6.7606821046101135,112.36253738528252,0.00339279513688669,0.763568093695894,894.8104144902436,1029.9936808376187,0.00976366602120349,0.37558617508242625,0.608644549912941,0.005069796372547845,0.0009358126108815638,472.8861125236437,657.7375696544035,845.7890335936885,data\raw\Training_data\177.wav,177.wav,5
368999,16000.0,23.0624375,-0.005495267454534769,0.07859703153371811,0.07878889888525009,-22.070699379271268,0.321136474609375,4.07591017456768,0.08401428908109665,0.0218355692923069,0.38485127687454224,0.16673217713832855,692.3812801660708,478837.28125,739.4708386743595,368740.0,849.6066385003753,339297.1875,692.3812801660708,683.8613398479919,254.856330095675,9.233273830501682,222.18683982142124,0.0015050461773233445,0.7512315198156624,868.0782332743448,920.154255160583,0.010772503093767557,0.20571475671574546,0.7811607135668234,0.0017519191995044056,0.0006001074241591854,566.8091241439678,703.004615188659,820.251545397142,data\raw\Training_data\178.wav,178.wav,5
605999,16000.0,37.8749375,-0.005481919273734093,0.08114849030971527,0.08133343607187271,-21.794617595794264,0.339141845703125,4.1697715242650295,0.08293189853429794,0.0362120121717453,0.38356873393058777,0.17180673778057098,424.9775989729356,3668991.5,424.92479360526994,3138590.75,438.36375967617107,2604675.25,424.9775989729356,557.8469174156207,378.80060715320053,6.40690913095072,71.67572740206215,0.004042881281475373,0.7157538924068888,747.1695497847356,913.2424310931206,0.009710276978229963,0.7189949796684156,0.252121568120158,0.017818017592909033,0.0013551576402872363,416.924780403928,439.3934643456507,561.0834341310793,data\raw\Training_data\179.wav,179.wav,5
122809,16000.0,7.6755625,-0.004165354650467634,0.005891057197004557,0.007214897312223911,-42.83539691456117,0.04022216796875,5.574877399932387,0.06137733906507492,0.09478685259819031,0.3746139109134674,0.14716584980487823,59.80017751142017,810.1571044921875,911.7247107296696,590.4544067382812,911.5944271185336,588.9332275390625,59.80017751142017,800.8187302631427,1098.9172006191068,1.8349704737145267,7.713842291871911,0.035714986276438036,0.4737119224448185,2205.180402087795,2856.859024990025,0.5083979964656117,0.00524908084472384,0.3236269742355115,0.15838789771896208,0.004338050735190879,0.0,0.78170166681595,1009.3071354705273,data\raw\Training_data\18.wav,18.wav,2
490033,16000.0,30.6270625,-0.03154981881380081,0.06712561100721359,0.07417033612728119,-22.59539505670825,0.843841552734375,11.377076022498903,0.09286037087440491,0.05271401256322861,0.45245274901390076,0.1293521374464035,123.61616462564766,358006.09375,123.55086290106993,249140.796875,394.6183216232376,215153.40625,123.61616462564766,671.2443530087477,832.6181162631129,2.638829058022593,14.709655535909427,0.04079048071387966,0.6444575983488746,1251.4749006699549,2318.7009854438375,0.3995849967114863,0.1408744075068604,0.4030440272942721,0.05030266276837237,0.006193905719008844,0.0,435.0074382745652,1055.0473131401354,data\raw\Training_data\180.wav,180.wav,5
338360,16000.0,21.1475,-0.0315648689866066,0.1324547976255417,0.13616393506526947,-17.31875812397383,0.95733642578125,7.030763508137127,0.13496233522891998,0.05132794752717018,0.3942391574382782,0.16061227023601532,1078.236198132167,974595.0,1077.526894431966,933500.25,1073.9803759309611,857766.125,1078.236198132167,1073.7888945955806,610.867928458712,1.3349386752912207,13.988907558053924,0.017375531699319057,0.7670179847873624,1478.709067265634,2121.3382196477123,0.1283775560087962,0.02084463726107973,0.7906970216211082,0.05791224641648961,0.0021685386925264197,834.1411514363399,1089.3486227686487,1338.125073885802,data\raw\Training_data\181.wav,181.wav,5
164211,16000.0,10.2631875,0.00041202252032235265,0.20396794378757477,0.2039683610200882,-13.808743876975878,0.29632568359375,1.4528021998694485,0.13191425800323486,0.04272409901022911,0.48519599437713623,0.15141430497169495,698.7108050008829,1051568.375,694.7159447296466,1043806.0,694.3262022641601,939329.0625,698.7108050008829,1171.9966718938465,730.3952984720936,3.2817811266318757,19.924856778028765,0.05247333880680314,0.8042420251807005,1651.2413906498346,2182.4603711079035,0.004188691608210297,0.016737416433810656,0.9117665297205116,0.06186717608169534,0.005440186155771931,711.9620488274232,862.0128980397171,1518.3392099189457,data\raw\Training_data\182.wav,182.wav,5
606063,16000.0,37.8789375,-0.004184608347713947,0.006315736100077629,0.007576243951916695,-42.410920993544636,0.05072021484375,6.694638552513666,0.09217774868011475,0.1057371273636818,0.38762393593788147,0.16435222327709198,59.82216370245337,11523.9609375,59.795763806732964,3790.673583984375,857.943811121946,3609.324462890625,59.82216370245337,975.1291214895654,1237.4337200424568,1.5057907072423313,6.039612949728485,0.05247172209429215,0.5257659397323992,2544.3163499504176,3262.895111564309,0.47281644956564506,0.01335733425918073,0.3079046540839659,0.1999540117171279,0.005967550374080388,0.0,714.5131776729481,1636.2655367511297,data\raw\Training_data\19.wav,19.wav,2
5517632,16000.0,344.852,-1.620390139578376e-05,0.04887017235159874,0.04887017235159874,-26.21912258664905,0.698760986328125,14.29831229775202,0.16233010590076447,0.11751504242420197,0.5221348404884338,0.09567887336015701,29.908482479440455,410567648.0,29.89978309535685,365087840.0,29.90558268474592,350137184.0,29.908482479440455,2092.0947762122496,1965.924888554004,0.7304362321489761,2.83678907852733,0.2618736696964911,0.8641311776220933,3899.8584900189067,6010.694442833447,0.318531449174,0.04598637545417496,0.1078681868841534,0.4240603512931645,0.1035535851384512,100.44308862932503,2418.808648347697,3167.3036549012327,data\raw\Training_data\2.wav,2.wav,1
320504,16000.0,20.0315,-0.00412066699936986,0.007578338962048292,0.008626188151538372,-41.28362146800789,0.04278564453125,4.959971169144939,0.1570054441690445,0.09675360471010208,0.395973801612854,0.17694424092769623,59.75588448194094,5303.287109375,1127.3244639692484,1805.5064697265625,1131.817387614507,1801.654541015625,59.75588448194094,1244.9488958712884,1351.4524955536665,1.2622147822305838,5.172411040205199,0.06788218602793507,0.610929318024306,2977.5603424606243,3662.7311983625787,0.37512606493319745,0.0159594196470852,0.35659369404494023,0.243199982447928,0.009120838926848944,0.0,1047.050894840626,2021.6658762449142,data\raw\Training_data\20.wav,20.wav,2
519197,16000.0,32.4498125,-0.0041786073707044125,0.009987442754209042,0.010826346464455128,-39.31036157483933,0.046539306640625,4.298708414091683,0.19264550507068634,0.10687080770730972,0.38536250591278076,0.1608545035123825,59.93871305111547,7843.13232421875,1097.2328422544815,4915.05712890625,59.90789623206606,4724.5478515625,59.93871305111547,1502.5717320092365,1289.0078222887967,0.9994639332759148,5.287287877443195,0.08009500991907227,0.7000947814031784,3013.4226507472117,3400.820883017429,0.261533872138496,0.01337332591859926,0.4485123927689074,0.2655064910749326,0.011073918099064613,0.0,1471.3182086953507,2327.22454097385,data\raw\Training_data\21.wav,21.wav,2
209675,16000.0,13.1046875,-0.004199706017971039,0.009433760307729244,0.010326343588531017,-39.72106857527706,0.0400390625,3.877370741805405,0.16187448799610138,0.09458526223897934,0.3658403754234314,0.1577555239200592,951.4152855609872,3774.353515625,951.1863598426135,3274.92578125,949.9654226779539,2240.751220703125,951.4152855609872,1243.105593092196,1180.1039570861465,1.298962529437036,6.259635437158323,0.054755878396651136,0.6644010623849869,2551.5297484201737,3315.4548706331225,0.28615989745008164,0.008776800883067645,0.4952318350039366,0.2034509140768425,0.006380552586071578,0.0,982.1676403958506,1775.0137116966732,data\raw\Training_data\22.wav,22.wav,2
794772,16000.0,49.67325,-0.004181675612926483,0.008628840558230877,0.009588707238435745,-40.36479882021351,0.04937744140625,5.149541035972352,0.14358000457286835,0.10082127153873444,0.36074668169021606,0.16068145632743835,59.97191647415862,17337.53125,59.9517849144157,13081.7236328125,885.3859974936207,8254.740234375,59.97191647415862,1173.0402910727134,1244.7117334881436,1.4287942554023443,6.074028133245423,0.055957611130426306,0.6445013731854751,2801.829958780631,3433.2563301173163,0.32180343006109285,0.02543530683230496,0.4385278698883227,0.20703085591821302,0.007202537300066432,0.0,884.8424453805618,1680.4819495402453,data\raw\Training_data\23.wav,23.wav,2
220658,16000.0,13.791125,-0.004166942555457354,0.00946645438671112,0.010342976078391075,-39.707089595335646,0.044921875,4.343225263166994,0.13882745802402496,0.0643499344587326,0.3518874943256378,0.15373414754867554,899.7090520171487,3698.94970703125,898.6939064072003,3529.30517578125,899.4915208150169,3507.393798828125,899.7090520171487,984.1687727438804,916.1175650059824,1.592949304771847,8.921154457111001,0.02569666947479532,0.6352537604839104,1730.0256505542513,2812.7509539649595,0.2810167312994575,0.014962453974835747,0.5918585904513401,0.10949841397208145,0.002663810286847735,0.0,895.5759591766443,1593.5610764168985,data\raw\Training_data\24.wav,24.wav,2
517201,16000.0,32.3250625,-0.012702779844403267,0.09957999736070633,0.10038692504167557,-19.966456969323495,0.5390625,5.369847714492784,0.13711002469062805,0.06503065675497055,0.4614444375038147,0.11935903877019882,505.7994860798799,962242.25,491.9093350554233,961976.25,521.2364245235411,936135.875,505.7994860798799,967.8966589919808,836.046794593677,2.5267104065019104,12.285117317467469,0.038947943182592294,0.8135071213761775,1822.4558730551564,2483.676559016707,0.04055486523045259,0.2949509667560118,0.566420166486293,0.09141419104738441,0.006659810479858165,467.3154150900713,695.837788403348,1038.1109085249254,data\raw\Training_data\25.wav,25.wav,2
246619,16000.0,15.4136875,-0.01270301453769207,0.12929418683052063,0.129916712641716,-17.726699543404266,0.5390625,4.1492929511434395,0.11251650750637054,0.05873899906873703,0.43301689624786377,0.14594700932502747,432.8620260401672,1903757.5,443.76142957355273,1744837.75,443.5667973675994,1698222.875,432.8620260401672,630.3167481191808,529.3857896101034,5.300208084713595,42.425099900051165,0.014258609697661387,0.7193868232064745,844.3145094254701,1530.3281580089126,0.022008444830972067,0.6395456320036556,0.3113360139521116,0.023691952659017194,0.003417956554243615,425.6606344198947,453.81742688114053,744.2735555654674,data\raw\Training_data\26.wav,26.wav,2
170736,16000.0,10.671,-0.012699385173618793,0.10737413913011551,0.10812252759933472,-19.321676205523847,0.515625,4.768895173360455,0.156390979886055,0.059245768934488297,0.46228450536727905,0.15896768867969513,464.1551869552994,298769.09375,465.5608658982289,296850.5625,463.9677630962422,246274.90625,464.1551869552994,1031.8733477561466,770.8173780403365,2.497097222184428,13.211296568004032,0.03475587230742418,0.8016046177202499,1734.3266797863369,2442.5077312341864,0.028574498385790896,0.2507378414293421,0.6192462947249606,0.09657680857551738,0.00486440714394004,482.89757286102525,873.5826070658795,1332.958485615219,data\raw\Training_data\27.wav,27.wav,2
208678,16000.0,13.042375,-0.012571140192449093,0.11301035434007645,0.11370740830898285,-18.884224781373014,0.6328125,5.565270631095793,0.1434500366449356,0.05119650438427925,0.44309335947036743,0.15955567359924316,436.34690767594094,1122274.75,436.19356137206603,953294.0,438.5704290821265,933065.375,436.34690767594094,926.5552579582413,659.9041613293961,2.079015543769444,11.766488436250631,0.01958536030270161,0.7661636350715205,1684.1257823057533,2097.7007638562764,0.02515332756718907,0.4070057739081664,0.49539495427091795,0.07059259209457859,0.0018530148015754055,444.78095438905876,819.0226089956775,1292.6326685132117,data\raw\Training_data\28.wav,28.wav,2
255605,16000.0,15.9753125,-0.012097187340259552,0.045052118599414825,0.046647991985082626,-26.62334092412349,0.2265625,4.856854290157902,0.14106380939483643,0.06332408636808395,0.40710175037384033,0.13458546996116638,426.90870679368555,159940.25,424.6552297490268,157108.75,426.0323546096516,132377.859375,426.90870679368555,982.7598423343273,887.9875429433906,2.1482773392094656,10.11250879517556,0.03678917395981899,0.7296620799804833,1586.0096633477435,2715.8154183212378,0.12850843640233814,0.20568008024005127,0.5323773949704866,0.12424118571414242,0.00919290267298161,432.292013067037,823.7084564073472,1193.5916746542516,data\raw\Training_data\29.wav,29.wav,2
3919851,16000.0,244.9906875,-1.2064290785929188e-05,0.06754700094461441,0.06754700094461441,-23.407878573732887,0.7509765625,11.117837239224995,0.1063915267586708,0.07506372034549713,0.5353807806968689,0.11305360496044159,19.400737425988897,16880748.0,119.98415245885622,9228191.0,120.02905212468535,9022885.0,19.400737425988897,1362.715206500407,1224.1127357951104,3.024845999524976,14.441200631231188,0.11664279728743093,0.8775916887266968,1653.1363054360995,3413.0807523041053,0.09107360381003714,0.08710672019891678,0.6986200210100625,0.09427798742627566,0.02892166755470792,854.5100311210808,1226.6058072105293,1419.637634185585,data\raw\Training_data\3.wav,3.wav,1
222656,16000.0,13.916,-0.012030750513076782,0.04415865242481232,0.045768171548843384,-26.788728748224607,0.2734375,5.97440296928161,0.13714322447776794,0.05839665234088898,0.4558012783527374,0.11604775488376617,451.06352400114974,193017.609375,450.99166427134236,162106.0,452.2851394078758,111467.4375,451.06352400114974,921.2769546443501,854.1811384623984,2.0131427081435636,9.35462504802987,0.033714027884700765,0.7238889258983625,1947.9016958896234,2656.0074734119,0.1321862566724404,0.27190224678416475,0.4475827077359711,0.1439043060965631,0.00442445526282608,435.61368209255534,782.6243173325668,915.4210980166714,data\raw\Training_data\30.wav,30.wav,2
337479,16000.0,21.0924375,-0.012499389238655567,0.07001370936632156,0.07112069427967072,-22.960080248755123,0.359375,5.053029974465877,0.1791093945503235,0.07745745778083801,0.38864997029304504,0.15050764381885529,902.5035631846723,183922.78125,907.0075471362663,163181.515625,910.0418100089191,156709.796875,902.5035631846723,1577.0700817338957,944.6386938691418,0.8684900710492437,5.06997516152565,0.046289964002658335,0.8160445549634117,2682.715072641557,2987.2792084840835,0.060730043295721535,0.06206068430031959,0.5852274240762978,0.2842341912134406,0.00774765711422046,917.8645189774771,1420.5091279753703,2355.251734181979,data\raw\Training_data\31.wav,31.wav,2
133793,16000.0,8.3620625,-0.01132930163294077,0.038456253707408905,0.040090352296829224,-27.939202546779708,0.28125,7.01540355439192,0.12944230437278748,0.0769398957490921,0.4346444010734558,0.08874477446079254,562.5406411396709,46145.49609375,562.6602288610017,45149.8125,562.7798165823324,44405.83984375,562.5406411396709,1400.1133742783643,1113.0290535827205,1.0724740087859423,5.228891893035289,0.03772079813056656,0.7021572083103981,2369.869873610727,2596.7277809750885,0.15135500597835763,0.013912117281549365,0.4388044351084784,0.37686492606765715,0.019063515563957644,564.9323955662852,1125.4400454433342,2295.845074107016,data\raw\Training_data\32.wav,32.wav,2
131796,16000.0,8.23725,-0.011664511635899544,0.040169887244701385,0.0418291836977005,-27.570412213069883,0.3046875,7.284089075272816,0.14600063860416412,0.06289242208003998,0.4607709050178528,0.09877607971429825,869.1007314334275,38790.28125,878.9341102916629,31404.3359375,868.8579319554464,30613.412109375,869.1007314334275,1081.9697103070812,1092.549057318715,2.2844164034246854,9.05929318532691,0.05026423303926854,0.7143287980409974,2104.9500743573403,3053.324835351604,0.1467728898399695,0.10021683224176424,0.5947842893673959,0.13523725735529818,0.022988485051334166,501.98792072597047,879.1769097696441,987.4654769492247,data\raw\Training_data\33.wav,33.wav,2
139784,16000.0,8.7365,-0.012437772005796432,0.06667030602693558,0.06782055646181107,-23.372773023891618,0.2890625,4.262166444516975,0.16290727257728577,0.058890268206596375,0.43984001874923706,0.13886432349681854,917.6443655926287,190879.96875,945.3442454071998,144623.8125,954.6156927831512,122266.796875,917.6443655926287,1199.7379606890624,913.4069446680385,2.1334346598299887,9.392388023191298,0.03120941273266517,0.742905525697789,2162.765409488926,2825.3877410862474,0.06588989163008234,0.11495208837390716,0.6536607639073991,0.14913859633500315,0.016358422406492514,857.7805757454358,936.0727980312482,1332.7991758713445,data\raw\Training_data\34.wav,34.wav,2
144776,16000.0,9.0485,-0.01153651811182499,0.04051143676042557,0.04212205857038498,-27.50980824644886,0.21875,5.193240962676927,0.10947634279727936,0.03955850377678871,0.42852622270584106,0.09251362830400467,476.764104547715,110160.125,476.4325578825219,109877.984375,505.0560866441951,107816.53125,476.764104547715,494.25637083740054,474.5904488404806,6.591630122976165,68.88571418308022,0.013922103515538863,0.5950696648468968,541.5262198154389,928.4411780958169,0.1421908971642578,0.5087871851317316,0.330963502433589,0.015944595915593752,0.002113819354827741,447.9195446759131,481.73730452561193,510.4713488423495,data\raw\Training_data\35.wav,35.wav,2
200690,16000.0,12.543125,-0.012093200348317623,0.05609334632754326,0.05738212913274765,-24.82446683060186,0.3046875,5.309797747224346,0.16214457154273987,0.056691695004701614,0.43594616651535034,0.12865504622459412,945.6176192137126,70237.8203125,939.7179729931735,63592.4140625,1334.1970202800337,54595.03515625,945.6176192137126,1345.7536713684676,839.5182252488196,0.9415885860421233,6.029101809830405,0.03410050604909424,0.7865391214462589,2150.5007723354424,2745.328616273855,0.0862786614944751,0.05572836784732687,0.6630759360264533,0.19115816447812964,0.0037588701536149234,899.6960486322188,1338.90079226668,1845.4731177437839,data\raw\Training_data\36.wav,36.wav,2
183716,16000.0,11.48225,-0.012234363704919815,0.06365702301263809,0.06482203304767609,-23.76554704165749,0.3203125,4.941413975158921,0.17915862798690796,0.06941636651754379,0.43784579634666443,0.13660946488380432,1378.3883820679744,79069.5390625,947.2011147640923,68338.3515625,449.2150928607198,68015.78125,1378.3883820679744,1483.056590246846,922.3988270838066,0.5742556105529263,3.8742972470695998,0.030274693644381078,0.7894206023404285,2652.441812362559,2808.595876243767,0.0697328307357487,0.13638798793626178,0.4887666125099222,0.30084015543553977,0.004272413382527582,874.8285397025843,1361.579829737203,2233.2730954299022,data\raw\Training_data\37.wav,37.wav,2
395389,16000.0,24.7118125,-0.012160967104136944,0.06646298617124557,0.0675663948059082,-23.405385069087032,0.390625,5.781350346161175,0.1703905463218689,0.08112886548042297,0.43004921078681946,0.13614606857299805,962.171431172845,435921.65625,952.459476616699,425917.125,950.1124209322971,413907.59375,962.171431172845,1631.8867784182426,1070.919393773093,0.9375816353393392,4.428309849781087,0.04685696313388618,0.7982028280961745,2751.072993937616,2950.7750594983677,0.06650550520373673,0.05247279711782068,0.5059174202136982,0.3552803323892839,0.019823945075460436,931.700173752937,1346.4006333003701,2585.039037504837,data\raw\Training_data\38.wav,38.wav,2
595081,16000.0,37.1925625,-0.012470138259232044,0.07197467982769012,0.0730469673871994,-22.7279561898966,0.359375,4.919779873886676,0.21842068433761597,0.09130066633224487,0.4400869905948639,0.15210573375225067,841.9425254713224,473589.8125,950.781490250907,365013.4375,841.8618641831952,344800.34375,841.9425254713224,1738.7492219740602,1176.6822305336216,1.0935925372704622,4.930640101334544,0.06984525483101175,0.8239358501764112,2633.9674766964495,3981.8444883973775,0.057511870226854056,0.03191983684580006,0.4452501847233587,0.4352824012064716,0.030035706997515507,872.029185942754,1562.140280062714,2509.5071091162376,data\raw\Training_data\39.wav,39.wav,2
4237656,16000.0,264.8535,-7.93317667557858e-06,0.0448894128203392,0.044889409095048904,-26.95712222854464,0.657928466796875,14.656652427831613,0.11016297340393066,0.04331619292497635,0.5125228762626648,0.1375138908624649,472.01188581612104,2666665.0,517.7163979331971,2161823.5,532.8190867781623,2160209.0,472.01188581612104,907.2456788890747,488.55780478413993,2.7581569019404144,22.856933335481468,0.010563938633573298,0.8308640881761807,1332.4120693137904,1513.8633244416253,0.003519853321010599,0.22347111693029997,0.7552573217652236,0.017093228642542594,0.0006584793248679448,506.7896025538647,883.1750382758771,1228.9888561034686,data\raw\Training_data\4.wav,4.wav,1
290551,16000.0,18.1594375,-0.01219993457198143,0.05420263856649399,0.05555865913629532,-25.104964883143047,0.34375,6.18715435800421,0.15976683795452118,0.07720208168029785,0.443272203207016,0.12803258001804352,910.3806216464579,242387.75,890.0606089808674,175907.328125,910.3255538614563,165032.390625,910.3806216464579,1085.1695718545523,908.6466221578742,2.0201565300469917,8.923530155980135,0.04112216211431159,0.7616097739812114,2202.2708577840035,2652.56013574209,0.094103430726406,0.1276531365478345,0.6072735269485362,0.1637432499656857,0.007226655811537534,650.7910831489136,866.4365292151808,1192.9334264896697,data\raw\Training_data\40.wav,40.wav,2
244622,16000.0,15.288875,-0.012046360410749912,0.0512755922973156,0.0526716373860836,-25.568463613223365,0.3203125,6.08130895290204,0.15358960628509521,0.05159366875886917,0.4744820296764374,0.1151592954993248,843.5545453802191,183196.78125,456.54111241016744,156934.34375,843.1621031632477,154085.21875,843.5545453802191,1073.2474518145073,832.2721784065021,1.4511880348833757,6.8332370746443205,0.03470533442370694,0.7721693325379679,2055.0236691712107,2679.8570856259857,0.10129488150517992,0.14965577096174762,0.5852455129426961,0.1612520537589942,0.002551780831382207,499.5135351685457,846.6286760798291,1482.385067573644,data\raw\Training_data\41.wav,41.wav,2
315513,16000.0,19.7195625,-0.011962784454226494,0.06428761780261993,0.0653911679983139,-23.689618106486158,0.453125,6.9294526137181665,0.1760212630033493,0.06059768795967102,0.4862583875656128,0.12694323062896729,924.2091451065407,234925.09375,923.9048787213204,179887.546875,926.0854544820656,166861.4375,924.2091451065407,1556.6575329872583,938.9004779005331,0.7547307407605223,4.486658973177161,0.04461607268472908,0.8156946633837333,2575.1078402474695,2791.8976397169054,0.06603102706429054,0.0382760834940616,0.5531518598064417,0.3377813773247287,0.004759652310477592,893.9346397771247,1309.5625219880003,2366.2796778579645,data\raw\Training_data\42.wav,42.wav,2
304529,16000.0,19.0330625,-0.011981489136815071,0.05598130449652672,0.057249125093221664,-24.844622920404078,0.3984375,6.959713346731569,0.1776917427778244,0.07991775870323181,0.4695340096950531,0.14350953698158264,840.1170331889574,167105.9375,838.1730475586891,166744.125,849.8369613402994,166065.28125,840.1170331889574,1595.2036304805154,1062.416287570992,0.6464213701736269,3.5882132148277375,0.05267388465303714,0.7971659644193787,2736.0809643744933,3150.465144534675,0.08482614715881678,0.05576987870117855,0.5023143211592516,0.3512943074603498,0.0057953455204032105,849.78442118813,1330.3691930817756,2564.2221266283345,data\raw\Training_data\43.wav,43.wav,2
146773,16000.0,9.1733125,-0.01201536599546671,0.0676141306757927,0.06867342442274094,-23.264225916592544,0.453125,6.598258406492824,0.16114601492881775,0.0545838288962841,0.4639975428581238,0.12470285594463348,839.6094649560887,208004.34375,841.4626668392689,188631.90625,842.116738092156,177895.640625,839.6094649560887,1317.8691690676085,953.2698073720189,0.981998247844178,4.078188333102012,0.030199020212302172,0.7656424448672305,2514.5769317245,2744.264953363357,0.06074210593866909,0.11317985702661872,0.5197661184495761,0.3023850166577349,0.003926901927401008,725.2560075763254,844.8420349791857,2423.988063199635,data\raw\Training_data\44.wav,44.wav,2
5648384,16000.0,353.024,1.2667013606915134e-06,0.10896705090999603,0.10896705090999603,-19.25409605425174,0.98876953125,9.074023046349103,0.12165286391973495,0.0722934827208519,0.5228943228721619,0.10843008011579514,119.99750725163162,283186848.0,119.97484590282814,192156976.0,120.01450326323423,173166064.0,119.99750725163162,1377.108609650386,1127.0968746892806,2.992600014759436,13.560567300606987,0.1032467690744611,0.8651312160853728,1510.4610451414069,3574.405706127629,0.07366090298388707,0.04313308459065304,0.7854027809972246,0.06531359961494222,0.03248963181329289,958.3512735678028,1211.71931653372,1389.146346990573,data\raw\Training_data\5.wav,5.wav,1
2115098,16000.0,132.193625,-0.0024998504668474197,0.09053227305412292,0.09056678414344788,-20.860621059310795,0.99993896484375,11.040901742298326,0.11008891463279724,0.037625502794981,0.5618698000907898,0.12271144241094589,457.91164286477505,3673846.5,440.2557233754653,2750513.0,430.989013275035,2427277.0,457.91164286477505,995.1768078173999,611.9094382648235,1.224906349279824,4.009445551613394,0.0021719658458087855,0.8534378049180192,1895.1821617721732,2168.069753741907,0.009045220991170702,0.22212924944450535,0.6489826381729265,0.1198373659569909,5.525127857098047e-06,521.7195609848811,779.2357611798602,1270.2201032765386,data\raw\Training_data\66.wav,66.wav,3
148394,16000.0,9.274625,-0.0024807057343423367,0.09636793285608292,0.09639985859394073,-20.318472063004855,0.99993896484375,10.372826054193006,0.10704600065946579,0.02350015752017498,0.5317590236663818,0.11229554563760757,968.556680189226,295180.96875,991.1991050851112,281322.5,960.7935630820652,269573.3125,968.556680189226,990.2386869361992,306.14142156368024,3.7179744674228687,30.202040943849383,0.0023055224494763892,0.7222191067310758,1063.9783279647424,1316.1718128765312,0.006266824616389736,0.03420012460936519,0.9432561124411308,0.016243695691869422,3.324264124499511e-05,929.525452511557,966.7237219833686,1030.6616170465113,data\raw\Training_data\67.wav,67.wav,3
1289531,16000.0,80.5956875,-0.002700807759538293,0.14230388402938843,0.14232951402664185,-16.93410067015633,0.99993896484375,7.025520825263109,0.11158138513565063,0.04284454509615898,0.5086802244186401,0.1379482001066208,862.5275390820384,4982616.5,861.0510332826431,4832351.5,861.547337753028,4706160.0,862.5275390820384,1292.4515965190328,624.3508998654692,1.2912366844780223,5.040051248022566,0.004342525888784034,0.838964602808159,1946.8039155320812,2269.43904411759,0.005521479233579641,0.05106165581905252,0.8213753352863447,0.12202558407051706,1.5945590506070525e-05,878.5457658637133,1102.19296783094,1810.7792678113206,data\raw\Training_data\68.wav,68.wav,3
792704,16000.0,49.544,-0.0178680419921875,0.44062620401382446,0.44098833203315735,-7.111458024731741,1.0,2.2676336931400063,0.09428305923938751,0.043184563517570496,0.47424909472465515,0.14586688578128815,180.02179880510252,152586016.0,180.04198288390117,60237076.0,180.1025351202971,43070268.0,180.02179880510252,906.8162021015828,568.4462410621641,2.264101496398396,18.133665891163474,0.017740465011868302,0.8126566327685744,1198.3489423542708,2058.210883255288,0.1555641692733473,0.07432354180692105,0.7174652769160496,0.05171798234950649,0.0009290296541757038,681.4346843210076,925.6014855481995,1021.4556757629581,data\raw\Training_data\69.wav,69.wav,3
2628919,16000.0,164.3074375,-2.914594006142579e-06,0.02821381390094757,0.02821381203830242,-30.990764625455625,0.863128662109375,30.592415549434136,0.2599988877773285,0.08567836880683899,0.5215879082679749,0.10855891555547714,58.74962294387922,389291.5,387.15228578742824,378057.28125,368.3156460887536,342870.53125,58.74962294387922,2086.1274104492463,1351.2576584564977,0.7536585164252685,4.556376054628617,0.15866241353715044,0.8977371889435178,3299.6802107634358,4029.464582210407,0.007430155652514542,0.2110507494819655,0.21508651131644974,0.5444095803455553,0.022023003203514892,761.651462064826,2377.4030314361153,2918.9001258692265,data\raw\Training_data\70.wav,70.wav,3
2302474,16000.0,143.904625,-2.2355077817337587e-05,0.02854836918413639,0.028548376634716988,-30.88837164582614,0.81195068359375,28.441220808554014,0.26463189721107483,0.08171473443508148,0.5240378975868225,0.10899385809898376,370.09234414807725,384116.0625,369.2654075572623,327121.84375,363.6575266430804,301763.21875,370.09234414807725,2142.0096251110053,1306.9360751489123,0.6534145181436282,4.552043186434992,0.15374079363873788,0.8993931609971286,3306.606719554705,3984.201341687246,0.008123530745636924,0.18550018529051873,0.21348379941022375,0.5733666106127578,0.01952582470665053,962.3387712521401,2415.238565126034,2954.5332542300152,data\raw\Training_data\71.wav,71.wav,3
2052688,16000.0,128.293,-2.143721212632954e-05,0.03155205026268959,0.03155205771327019,-30.019446247016592,0.737945556640625,23.388191139440625,0.2592141628265381,0.08160839229822159,0.5402658581733704,0.10621588677167892,369.58368734069666,331437.5625,421.50390122609963,299908.875,421.5818478015168,276626.78125,369.58368734069666,2178.090881533418,1189.0208812799806,1.0135110776420366,6.422537935328339,0.14332664739758924,0.8879510236440006,3035.6527635958314,3988.097557933792,0.00268259308809248,0.13070478555111464,0.23235307165470528,0.6123608172862609,0.02189857094653198,1454.896214134832,2268.9858371072464,2594.7089864606796,data\raw\Training_data\72.wav,72.wav,3
127017,16000.0,7.9385625,-0.014618971385061741,0.576766848564148,0.5769521594047546,-4.77720393681285,1.0,1.7332459610372317,0.12588605284690857,0.02769000269472599,0.5088376998901367,0.14755316078662872,1101.080957667084,25293576.0,1102.3406315690027,24922872.0,1101.7107946180433,18168722.0,1101.080957667084,1111.3642557966912,517.5775341126171,4.9591541599403,41.174514072510476,0.022610295636297413,0.7184089416838074,1198.8316524559705,2079.4696772872926,0.004803456679592157,0.00647543171004122,0.9367246727625289,0.04996093623420632,0.0020355026136314484,867.9153184219437,1066.1879905839378,1120.7318705370149,data\raw\Training_data\78.wav,78.wav,4
242185,16000.0,15.1365625,-0.014228900894522667,0.505142867565155,0.5053432583808899,-5.928270474103518,1.0,1.9788529547301785,0.1986248642206192,0.07018989324569702,0.5343683362007141,0.11752685904502869,1649.8461919606914,4278297.0,1642.1165637838844,3646170.5,1803.3817123273532,3588770.75,1649.8461919606914,1766.0273101825326,890.2731546249751,2.107940590906655,12.421423812752197,0.07634021367107369,0.8639047829348405,2457.4932386398827,3321.7581600842336,0.00880701645222394,0.010905633025743499,0.7218292260649014,0.2503774143041938,0.00808071015293735,1227.0949893676323,1652.0263434977394,2015.3188678076679,data\raw\Training_data\79.wav,79.wav,4
319950,16000.0,19.996875,-0.013022560626268387,0.5167442560195923,0.5169082880020142,-5.731730087747582,1.0,1.9345791569047224,0.21552880108356476,0.08259657025337219,0.5314589142799377,0.10636244714260101,1274.6491639318645,5774868.5,1241.1439287388655,5447192.5,1281.000156274418,5357207.0,1274.6491639318645,1823.3473058741056,971.987703781749,1.8493055908664093,10.213018976336011,0.07580668071972096,0.8693196776691029,3075.4805438349745,3338.4216283794344,0.006852343335619144,0.009303470867277685,0.6551585880763772,0.31983354531956015,0.008851753750623264,1149.6296296296296,1601.450226597906,2231.8987341772154,data\raw\Training_data\80.wav,80.wav,4
401227,16000.0,25.0766875,-0.015087420120835304,0.4728766977787018,0.47311732172966003,-6.500623026181689,1.0,2.113640642756685,0.24170462787151337,0.09009341895580292,0.5400457978248596,0.09303346276283264,1096.675946534007,25571038.0,1083.1972923058518,18086230.0,1097.8323991157124,14538448.0,1096.675946534007,2066.718297186322,1132.319384238678,1.3775661126512557,7.527998940020366,0.07187124274707989,0.8604769397285561,3206.24484394121,3393.550284502289,0.005963683093928711,0.006120979141289303,0.5212180625533203,0.45398357086383134,0.012713704347630334,1096.3968028073882,1845.9375864535536,3074.9276594047756,data\raw\Training_data\81.wav,81.wav,4
453888,16000.0,28.368,-0.01661684736609459,0.43837347626686096,0.4386883080005646,-7.156878806704081,1.0,2.2795227995880687,0.20836395025253296,0.08124171197414398,0.5322446823120117,0.09807319194078445,1034.052453468697,12281213.0,1034.933728144388,10713602.0,1031.5143824027073,9683626.0,1034.052453468697,1918.2696760089439,1005.0520777200305,1.7290405550823649,9.588152570439354,0.07640271750694108,0.8714877616552255,3139.77016356458,3379.1243654822333,0.008512270120548405,0.007073357525596195,0.581122024582378,0.39348420826516545,0.009808129312201519,1122.8849407783418,1727.6508742244782,2386.703327693175,data\raw\Training_data\82.wav,82.wav,4
145053,16000.0,9.0658125,-0.015150913968682289,0.4858431816101074,0.4860793650150299,-6.265856303064749,1.0,2.0572772102125323,0.17968955636024475,0.06205560266971588,0.5371161103248596,0.10117453336715698,1035.9799521554191,4435379.0,1000.9031181705998,3893243.5,1001.3443362081447,3866334.0,1035.9799521554191,1478.9497209205217,814.8934864333532,2.3788636867495394,13.873279303016727,0.05790282645717307,0.835297904328823,2196.273086389113,3105.402852750374,0.007692479070462183,0.008209320132837067,0.7644586642778006,0.214612311134887,0.00502722538401312,995.7188062294472,1145.8432435040986,1846.0562690878508,data\raw\Training_data\83.wav,83.wav,4
224960,16000.0,14.06,-0.01661151461303234,0.40668773651123047,0.40702685713768005,-7.807538669457671,1.0,2.4568403348915675,0.2431291937828064,0.11076699942350388,0.5308067202568054,0.11389465630054474,1065.433854907539,4976078.5,3330.725462304409,4759378.0,3331.934566145092,4495300.5,1065.433854907539,2250.918347931012,1258.9961793367565,1.1080064554379572,5.97696467567458,0.06632790385033176,0.8424008707978465,3370.341394025604,3497.7951635846366,0.006853787953098698,0.00458386710468314,0.47134738081133787,0.5000723917564724,0.017142572374407805,1103.342816500711,2132.574679943101,3289.6159317211946,data\raw\Training_data\84.wav,84.wav,4
465823,16000.0,29.1139375,-0.015532329678535461,0.4560510814189911,0.4563154876232147,-6.814695815204105,1.0,2.1914662708658974,0.24084791541099548,0.09864481538534164,0.529380738735199,0.1226264163851738,1129.1155653542226,12835642.0,1138.7673000259756,9983295.0,1122.7955682737863,8208880.0,1129.1155653542226,2192.79551337949,1141.762600090336,1.2303918264425007,7.43176344247064,0.0765010092102423,0.869423456672294,3190.8428737954114,3399.402777449804,0.006032683384921442,0.005945175274415505,0.4549253452771416,0.5193074899003066,0.013789306163214781,1138.7673000259756,2132.6211887347768,3059.084673792406,data\raw\Training_data\85.wav,85.wav,4
214769,16000.0,13.4230625,-0.01305554248392582,0.508004367351532,0.5081720948219299,-5.879783739573377,1.0,1.9678372940773399,0.2781505882740021,0.09782364219427109,0.5537461042404175,0.10339007526636124,1102.5799812822147,6836978.5,1102.6544799295987,6371881.5,1102.7289785769826,6018640.5,1102.5799812822147,2293.9454970563843,1166.3415389756376,1.1732780419529418,7.254201177730788,0.0718706405559005,0.8558215408820679,3255.2183974409713,3436.1011132891613,0.004562599771096217,0.004662492804537787,0.42508939293959547,0.5504120839360133,0.015273430548757223,1145.1187089384407,2292.844870535319,3139.8944912906422,data\raw\Training_data\86.wav,86.wav,4
76774,16000.0,4.798375,-0.019039997830986977,0.3798900544643402,0.38036689162254333,-8.395945850013414,1.0,2.6290405974459756,0.18206605315208435,0.06352659314870834,0.5474557876586914,0.11249242722988129,1169.7710162294527,1201233.5,1126.6314116758276,1032144.25,1124.5473728085028,997745.0625,1169.7710162294527,1475.365195995245,891.5241016743607,2.3182967481391663,12.31426461399541,0.05202367796058296,0.8139059420107331,2322.244509860109,3219.6316461302004,0.009133728492061614,0.005728395940841906,0.7573135357090873,0.2220984143699159,0.005725818931719234,939.9015291635188,1160.3928413264907,1863.7559590486362,data\raw\Training_data\87.wav,87.wav,4
119646,16000.0,7.477875,-0.018238231539726257,0.39618873596191406,0.39660829305648804,-8.032764179265069,1.0,2.5213794504734985,0.18196631968021393,0.06222257763147354,0.5328801870346069,0.11453177779912949,838.0723133243067,3134127.5,840.3456864416696,3103979.0,837.2699463417081,3051910.25,838.0723133243067,1454.5159631541005,886.0496270614552,2.1831188153391627,11.681406460759366,0.05399158901512053,0.8252747955650038,2382.6287548267387,3209.066746903365,0.009420617623668595,0.008453582846524062,0.7433483163409379,0.23345821518629836,0.005318606679891605,849.9740902328535,1144.0415893552647,1935.844073349715,data\raw\Training_data\88.wav,88.wav,4
392232,16000.0,24.5145,-0.010731733404099941,0.5126533508300781,0.512765645980835,-5.801621583230052,1.0,1.9502086534817815,0.2315599024295807,0.09108754247426987,0.549439013004303,0.10029849410057068,1064.87996899794,8231964.0,830.9367925105549,7908108.0,3085.4800220277793,6649668.5,1064.87996899794,1936.6918650506943,1119.2486259791597,1.436466541548547,7.559987977526136,0.07418999352786107,0.8692819068858941,3117.4610944543024,3336.1072018601235,0.006445794535597269,0.006792408227504664,0.576861299315573,0.3987828858360583,0.011115669602662314,1052.1935997062963,1484.019661832793,2974.892410614126,data\raw\Training_data\89.wav,89.wav,4
147581,16000.0,9.2238125,-0.012602929025888443,0.540132462978363,0.5402795076370239,-5.347630091708742,1.0,1.8508938167461095,0.21100305020809174,0.07523851841688156,0.5413327813148499,0.11927898973226547,993.6238404672687,3317445.75,1134.8886374262268,2205771.75,1089.7879808376415,2177800.25,993.6238404672687,1703.0317170205544,955.8098002580082,1.839075160151056,10.233346036102443,0.06788419934471657,0.8598102364609165,2948.672254558513,3245.9462938996207,0.007180961594797326,0.008367020608638111,0.6966050871508612,0.2803868318130859,0.007460098832617427,991.7807847893698,1447.9912725892898,2079.5088798693596,data\raw\Training_data\90.wav,90.wav,4
199923,16000.0,12.4951875,-0.018680481240153313,0.47576555609703064,0.47613218426704407,-6.445449225911334,1.0,2.1002570988545877,0.16093116998672485,0.04415370896458626,0.5248236656188965,0.11756358295679092,1236.4760432766616,5287546.0,1235.4356427224482,5166564.5,1235.1955502868605,5046412.0,1236.4760432766616,1423.3531973735855,601.9204814384257,3.4651989098893767,26.632881359901315,0.04143175165926364,0.8190801570432352,1780.6855639421178,2246.144765734808,0.006028905066260574,0.006126903188450708,0.9018807208857998,0.08246963323498081,0.0034938376245080313,1106.3459431881274,1295.7788748668238,1609.3395957443618,data\raw\Training_data\91.wav,91.wav,4
79050,16000.0,4.940625,-0.023122601211071014,0.18072806298732758,0.18220122158527374,-14.788974311698933,1.0,5.488437406178313,0.1362094134092331,0.046908024698495865,0.5032671093940735,0.12992823123931885,668.741302972802,276610.125,739.5825426944972,268329.625,666.5148640101203,246760.5625,668.741302972802,1132.401187318458,569.0790459553973,1.8422966717612044,15.468498574004215,0.012080833452190964,0.7908585073428823,1615.585072738773,2188.3870967741937,0.03437604375643184,0.008124424679189817,0.8765417001298136,0.08007213422197004,0.0008856763821149141,737.3561037318153,1037.1157495256168,1397.394054395952,data\raw\Training_data\92.wav,92.wav,4
345213,16000.0,21.5758125,-0.01610475778579712,0.5306519269943237,0.5308962464332581,-5.4998069043309865,1.0,1.8836072146268519,0.204387366771698,0.06625090539455414,0.5343616604804993,0.10617058724164963,975.7222352576525,8333645.0,1851.8885441741766,8134627.0,1850.0809645059717,6837079.5,975.7222352576525,1689.887751973025,821.3771934188586,2.3576770874349733,14.42560373946792,0.061976237191747864,0.8584909141165279,2258.269532143923,3258.6953562003746,0.006287038778803479,0.007028276158671146,0.7418819335841288,0.23861501859293,0.00618773288546641,1154.9043633930355,1487.2209331630036,1986.2983143740241,data\raw\Training_data\93.wav,93.wav,4
282680,16000.0,17.6675,-0.01866050623357296,0.4988817572593689,0.49923062324523926,-6.03397565006572,1.0,2.003082249841804,0.19777631759643555,0.062422920018434525,0.5295348763465881,0.10775507241487503,1759.6151124946937,7916515.0,1759.6717135984152,7217031.0,1758.8226970425924,6351009.0,1759.6151124946937,1588.86246855873,750.9870189502006,2.471915217450252,16.37061972758631,0.05139808632053425,0.8420583332057837,2093.335220036791,3150.4174331399463,0.006240891723995631,0.00806714129673397,0.7987091703634247,0.18203414705137386,0.004948594356051082,1062.9121267864723,1462.232913541814,1879.1566435545494,data\raw\Training_data\94.wav,94.wav,4
301053,16000.0,18.8158125,-0.01659848727285862,0.5122452974319458,0.5125141739845276,-5.805882386979928,1.0,1.9511655496774403,0.1962405890226364,0.06883292645215988,0.5274382829666138,0.12352358549833298,1805.6621259379579,8011854.0,1807.0970892168489,7111565.5,1806.7782084882065,6966118.0,1805.6621259379579,1688.719998931565,793.7572217075219,2.274211003764046,14.857117263857761,0.05727221750636645,0.8517250809302436,2190.2322846807706,3192.2086808635027,0.006379530041086575,0.0068780171323158225,0.7689015917116824,0.2119948218421299,0.005846039272785324,1123.0447794906545,1667.5867704357704,1955.961242704773,data\raw\Training_data\95.wav,95.wav,4
230009,16000.0,14.3755625,-0.01965869404375553,0.4359935522079468,0.4364365339279175,-7.2015780388879485,1.0,2.2912838918411023,0.18943773210048676,0.0667465478181839,0.5238837599754333,0.11129416525363922,1767.7916951075827,5576396.5,1768.278632575247,5546853.5,1767.026507658396,5404975.0,1767.7916951075827,1636.0109587224517,769.9800209563281,2.3986514736073334,15.915029660943853,0.045468803018639516,0.8372257234560501,2088.613923802982,3231.525722906495,0.006588104702449662,0.005134618018547973,0.7976367197116265,0.18567747744131746,0.004963080126058305,1088.4443652204914,1561.469333808677,1889.4564995282794,data\raw\Training_data\96.wav,96.wav,4
375643,16000.0,23.4776875,-0.019080674275755882,0.4535568952560425,0.45395806431770325,-6.859685289844859,1.0,2.202846647306498,0.1827031373977661,0.05772937089204788,0.5257571935653687,0.11068622767925262,1756.5614160253217,12289443.0,1758.0521931727728,9099501.0,1751.6631482551252,8770491.0,1756.5614160253217,1633.379689119678,662.1562930344907,2.461553507066815,19.54641628216433,0.04547050465237428,0.8390435416496163,2065.2374728132827,2484.997723902748,0.005934200909004533,0.005560855214877413,0.7970578452374162,0.18692807475392312,0.004519023884778578,1170.8989652409334,1711.326978008375,1918.332033340166,data\raw\Training_data\97.wav,97.wav,4
250182,16000.0,15.636375,-0.01928771287202835,0.431815505027771,0.43224605917930603,-7.285379150646251,1.0,2.3134970898258116,0.1701131910085678,0.05507642403244972,0.5291528105735779,0.10276295989751816,916.5167757872267,6236987.0,917.1563102061698,5965896.0,916.5807292291211,4712761.5,916.5167757872267,1463.3745776006567,738.2807847928409,2.6188551156052537,16.944726163604404,0.046180444740712534,0.8376438981447999,1974.882285696013,3090.2303123326215,0.00778706333533502,0.0068079485534059715,0.8439744286593497,0.13729257639582715,0.004137983056082341,979.1911488436417,1259.1153640149969,1792.4870694134668,data\raw\Training_data\98.wav,98.wav,4
349072,16000.0,21.817,-0.01770329289138317,0.4663284718990326,0.4666644036769867,-6.61990650109907,1.0,2.142867534186676,0.21879813075065613,0.0734410360455513,0.5275847315788269,0.11477553844451904,1027.6848329284503,6276609.0,1028.6015492505844,5496554.0,1657.239767154054,4971192.0,1027.6848329284503,1797.593508809683,880.1819049907796,1.8316630507124116,11.90624681532641,0.0618923978507432,0.8652648450648394,2856.4422239537976,3099.509556767658,0.007448680241967817,0.007693891239049523,0.6665622276070075,0.311482234172247,0.006811798232894913,1117.3855250492734,1688.2706146582939,2214.7407984599163,data\raw\Training_data\99.wav,99.wav,4
